TMB (nonsynonymous),Smoke Status,Site2_Hugo_Symbol,cancer_type,Event_Info,Site1_Hugo_Symbol,Sex,Diagnosis Age,intergenic_variant,splice_donor_variant,inframe_deletion,upstream_gene_variant,frameshift_variant,Protein_position,synonymous_variant,non_coding_transcript_exon_variant,downstream_gene_variant,splice_acceptor_variant,intron_variant,stop_retained_variant,Variant_Type,protein_altering_variant,SNP_event,start_retained_variant,3_prime_UTR_variant,mature_miRNA_variant,coding_sequence_variant,Exon_Number,VAR_TYPE_SX,stop_lost,Codons,splice_region_variant,missense_variant,Hugo_Symbol,non_coding_transcript_variant,5_prime_UTR_variant,stop_gained,inframe_insertion,Chromosome,start_lost,End_Position,NMD_transcript_variant,Start_Position,hypothesis
0.766666667,,,Breast Carcinoma,LRP1B-Intragenic,,Female,,,,,,,,,,,,,,,,,,,,,,,,,,,,,,,,,,,,,TMB (nonsynonymous) value is 0.766666667 AND Event Info value is LRP1B-Intragenic AND Sex value is Female
,,,Breast Carcinoma,BRAF-Intragenic,BRAF,Female,41-50,,,,,,,,,,,,,,,,,,,,,,,,,,,,,,,,,,,,Event Info value is BRAF-Intragenic AND Site1 Hugo Symbol value is BRAF AND Sex value is Female AND Diagnosis Age value is 41-50
,,RARA,Breast Carcinoma,CACNB1-RARA,CACNB1,Female,,,,,,,,,,,,,,,,,,,,,,,,,,,,,,,,,,,,,Site2 Hugo Symbol value is RARA AND Event Info value is CACNB1-RARA AND Site1 Hugo Symbol value is CACNB1 AND Sex value is Female
0.333333333,,ATR,Breast Carcinoma,,ATR,Female,41-50,,,,,,,,,,,,,,,,,,,,,,,,,,,,,,,,,,,,TMB (nonsynonymous) value is 0.333333333 AND Site2 Hugo Symbol value is ATR AND Site1 Hugo Symbol value is ATR AND Sex value is Female AND Diagnosis Age value is 41-50
0.333333333,,ATR,Breast Carcinoma,,,Female,41-50,,,,,,,,,,,,,,,,,,,,,,,,,,,,,,,,,,,,TMB (nonsynonymous) value is 0.333333333 AND Site2 Hugo Symbol value is ATR AND Sex value is Female AND Diagnosis Age value is 41-50
,,,Breast Carcinoma,ETV6-ETV62,,Female,41-50,,,,,,,,,,,,,,,,,,,,,,,,,,,,,,,,,,,,Event Info value is ETV6-ETV62 AND Sex value is Female AND Diagnosis Age value is 41-50
0.2,,,Breast Carcinoma,ERBB2-Intragenic,,Female,,,,,,,,,,,,,,,,,,,,,,,,,,,,,,,,,,,,,TMB (nonsynonymous) value is 0.2 AND Event Info value is ERBB2-Intragenic AND Sex value is Female
,,,Breast Carcinoma,RBSN-RAF1,,Female,41-50,,,,,,,,,,,,,,,,,,,,,,,,,,,,,,,,,,,,Event Info value is RBSN-RAF1 AND Sex value is Female AND Diagnosis Age value is 41-50
,,RB1,Breast Carcinoma,LOC100507464-RB1,,Female,,,,,,,,,,,,,,,,,,,,,,,,,,,,,,,,,,,,,Site2 Hugo Symbol value is RB1 AND Event Info value is LOC100507464-RB1 AND Sex value is Female
2.8,,,Colorectal Carcinoma,,FGFR2,Female,,,,,,,,,,,,,,,,,,,,,,,,,,,,,,,,,,,,,TMB (nonsynonymous) value is 2.8 AND Site1 Hugo Symbol value is FGFR2 AND Sex value is Female
2.333333333,,,Colorectal Carcinoma,TRIM24-BRAF,TRIM24,Female,,,,,,,,,,,,,,,,,,,,,,,,,,,,,,,,,,,,,TMB (nonsynonymous) value is 2.333333333 AND Event Info value is TRIM24-BRAF AND Site1 Hugo Symbol value is TRIM24 AND Sex value is Female
5.733333333,,,Colorectal Carcinoma,,,Male,,,,,,,,,,,,,,,,G>A,,,,,,,,,,,,,,,,,,,,,TMB (nonsynonymous) value is 5.733333333 AND Sex value is Male AND SNP event value is G>A
5.733333333,,,Colorectal Carcinoma,,,Male,,,,,,,,,,,,,,,,C>T,,,,,,,,,,,,,,,,,,,,,TMB (nonsynonymous) value is 5.733333333 AND Sex value is Male AND SNP event value is C>T
5.733333333,,,Colorectal Carcinoma,,ETV6,,,,,,,,,,,,,1.0,,,,,,,,,,,,,,,,,,,,,,,,,TMB (nonsynonymous) value is 5.733333333 AND Site1 Hugo Symbol value is ETV6 AND is intron variant
2.8,,PIBF1,Colorectal Carcinoma,,,Female,,,,,,,,,,,,,,,,,,,,,,,,,,,,,,,,,,,,,TMB (nonsynonymous) value is 2.8 AND Site2 Hugo Symbol value is PIBF1 AND Sex value is Female
2.333333333,,BRAF,Colorectal Carcinoma,TRIM24-BRAF,TRIM24,Female,,,,,,,,,,,,,,,,,,,,,,,,,,,,,,,,,,,,,TMB (nonsynonymous) value is 2.333333333 AND Site2 Hugo Symbol value is BRAF AND Event Info value is TRIM24-BRAF AND Site1 Hugo Symbol value is TRIM24 AND Sex value is Female
2.333333333,,,Colorectal Carcinoma,,TRIM24,Female,,,,,,,,,,,,,,,,,,,,,,,,,,,,,,,,,,,,,TMB (nonsynonymous) value is 2.333333333 AND Site1 Hugo Symbol value is TRIM24 AND Sex value is Female
5.733333333,,,Colorectal Carcinoma,,ETV6,Male,,,,,,,,,,,,1.0,,,,,,,,,,,,,,,,,,,,,,,,,TMB (nonsynonymous) value is 5.733333333 AND Site1 Hugo Symbol value is ETV6 AND Sex value is Male AND is intron variant
5.733333333,,,Colorectal Carcinoma,,ETV6,Male,,,,,,,,,,,,,,,,,,,,,,,,,,,,,,,,,,,,,TMB (nonsynonymous) value is 5.733333333 AND Site1 Hugo Symbol value is ETV6 AND Sex value is Male
5.733333333,,,Colorectal Carcinoma,,,Male,,,,,,,,,,,,,,,,,,,,,,Truncation,,,,,,,,,,,,,,,TMB (nonsynonymous) value is 5.733333333 AND Sex value is Male AND VAR TYPE SX value is Truncation
2.8,,PIBF1,Colorectal Carcinoma,,FGFR2,Female,,,,,,,,,,,,1.0,,,,,,,,,,,,,,,,,,,,,,,,,TMB (nonsynonymous) value is 2.8 AND Site2 Hugo Symbol value is PIBF1 AND Site1 Hugo Symbol value is FGFR2 AND Sex value is Female AND is intron variant
2.8,,PIBF1,Colorectal Carcinoma,,FGFR2,Female,,,,,,,,,,,,1.0,,DEL,,,,,,,,,,,,,,,,,,,,,,,TMB (nonsynonymous) value is 2.8 AND Site2 Hugo Symbol value is PIBF1 AND Site1 Hugo Symbol value is FGFR2 AND Sex value is Female AND is intron variant AND Variant Type value is DEL
2.8,,PIBF1,Colorectal Carcinoma,,FGFR2,Female,,,,,,,,,,,,,,,,,,,,,,,,,,,,,,,,,,,,,TMB (nonsynonymous) value is 2.8 AND Site2 Hugo Symbol value is PIBF1 AND Site1 Hugo Symbol value is FGFR2 AND Sex value is Female
5.733333333,,,Colorectal Carcinoma,,,Male,,,,,,,,,,,,,,,,G>-,,,,,,,,,,,,,,,,,,,,,TMB (nonsynonymous) value is 5.733333333 AND Sex value is Male AND SNP event value is G>-
2.8,,PIBF1,Colorectal Carcinoma,,FGFR2,Female,,,,,,,,,,,,1.0,,,,,,,,,,,,,,0.0,,,,,,,,,,,TMB (nonsynonymous) value is 2.8 AND Site2 Hugo Symbol value is PIBF1 AND Site1 Hugo Symbol value is FGFR2 AND Sex value is Female AND is intron variant AND is NOT missense variant
5.733333333,,,Colorectal Carcinoma,,,Male,,,,,,,,,,,,1.0,,,,,,,,,,,,,,,,,,,,,,,,,TMB (nonsynonymous) value is 5.733333333 AND Sex value is Male AND is intron variant
2.333333333,,BRAF,Colorectal Carcinoma,TRIM24-BRAF,TRIM24,Female,,,,,,,,,,,,1.0,,,,,,,,,,,,,,,,,,,,,,,,,TMB (nonsynonymous) value is 2.333333333 AND Site2 Hugo Symbol value is BRAF AND Event Info value is TRIM24-BRAF AND Site1 Hugo Symbol value is TRIM24 AND Sex value is Female AND is intron variant
2.333333333,,BRAF,Colorectal Carcinoma,TRIM24-BRAF,TRIM24,Female,,,,,,,,,,,,,,,,,,,,,,,,,,0.0,,,,,,,,,,,TMB (nonsynonymous) value is 2.333333333 AND Site2 Hugo Symbol value is BRAF AND Event Info value is TRIM24-BRAF AND Site1 Hugo Symbol value is TRIM24 AND Sex value is Female AND is NOT missense variant
0.466666667,,SPEN,Esophageal Carcinoma,SPEN-Intragenic,SPEN,Male,51-60,,,,,,,,,,,,,,,,,,,,,,,,,,,,,,,,,,,,TMB (nonsynonymous) value is 0.466666667 AND Site2 Hugo Symbol value is SPEN AND Event Info value is SPEN-Intragenic AND Site1 Hugo Symbol value is SPEN AND Sex value is Male AND Diagnosis Age value is 51-60
0.533333333,,WT1,Esophageal Carcinoma,WT1-Intragenic,WT1,Male,,,,,,,,,,,,,,,,,,,,,,,,,,,,,,,,,,,,,TMB (nonsynonymous) value is 0.533333333 AND Site2 Hugo Symbol value is WT1 AND Event Info value is WT1-Intragenic AND Site1 Hugo Symbol value is WT1 AND Sex value is Male
0.7,,KMT2C,Esophageal Carcinoma,KMT2C-Intragenic,KMT2C,Male,61-70,,,,,,,,,,,,,,,,,,,,,,,,,,,,,,,,,,,,TMB (nonsynonymous) value is 0.7 AND Site2 Hugo Symbol value is KMT2C AND Event Info value is KMT2C-Intragenic AND Site1 Hugo Symbol value is KMT2C AND Sex value is Male AND Diagnosis Age value is 61-70
0.366666667,,LRP1B,Esophageal Carcinoma,LRP1B-Intragenic,LRP1B,Male,61-70,,,,,,,,,,,,,,,,,,,,,,,,,,,,,,,,,,,,TMB (nonsynonymous) value is 0.366666667 AND Site2 Hugo Symbol value is LRP1B AND Event Info value is LRP1B-Intragenic AND Site1 Hugo Symbol value is LRP1B AND Sex value is Male AND Diagnosis Age value is 61-70
0.433333333,,CDKN2A,Esophageal Carcinoma,CDKN2A-Intragenic,CDKN2A,Male,61-70,,,,,,,,,,,,,,,,,,,,,,,,,,,,,,,,,,,,TMB (nonsynonymous) value is 0.433333333 AND Site2 Hugo Symbol value is CDKN2A AND Event Info value is CDKN2A-Intragenic AND Site1 Hugo Symbol value is CDKN2A AND Sex value is Male AND Diagnosis Age value is 61-70
0.333333333,,ZSCAN22,Esophageal Carcinoma,PTCH1-ZSCAN22,PTCH1,Male,61-70,,,,,,,,,,,,,,,,,,,,,,,,,,,,,,,,,,,,TMB (nonsynonymous) value is 0.333333333 AND Site2 Hugo Symbol value is ZSCAN22 AND Event Info value is PTCH1-ZSCAN22 AND Site1 Hugo Symbol value is PTCH1 AND Sex value is Male AND Diagnosis Age value is 61-70
0.566666667,,JMJD1C,Esophageal Carcinoma,KMT2D-JMJD1C,KMT2D,Male,51-60,,,,,,,,,,,,,,,,,,,,,,,,,,,,,,,,,,,,TMB (nonsynonymous) value is 0.566666667 AND Site2 Hugo Symbol value is JMJD1C AND Event Info value is KMT2D-JMJD1C AND Site1 Hugo Symbol value is KMT2D AND Sex value is Male AND Diagnosis Age value is 51-60
0.533333333,,,Esophageal Carcinoma,KMT2C-RHEB,KMT2C,Male,51-60,,,,,,,,,,,,,,,,,,,,,,,,,,,,,,,,,,,,TMB (nonsynonymous) value is 0.533333333 AND Event Info value is KMT2C-RHEB AND Site1 Hugo Symbol value is KMT2C AND Sex value is Male AND Diagnosis Age value is 51-60
,,KMT2C,Esophageal Carcinoma,KMT2C-Intragenic,KMT2C,Male,61-70,,,,,,,,,,,,,,,,,,,,,,,,,,,,,,,,,,,,Site2 Hugo Symbol value is KMT2C AND Event Info value is KMT2C-Intragenic AND Site1 Hugo Symbol value is KMT2C AND Sex value is Male AND Diagnosis Age value is 61-70
0.566666667,,JMJD1C,Esophageal Carcinoma,KMT2D-JMJD1C,KMT2D,Male,,,,,,,,,,,,,,,,,,,,,,,,,,,,,,,,,,,,,TMB (nonsynonymous) value is 0.566666667 AND Site2 Hugo Symbol value is JMJD1C AND Event Info value is KMT2D-JMJD1C AND Site1 Hugo Symbol value is KMT2D AND Sex value is Male
,,JMJD1C,Esophageal Carcinoma,KMT2D-JMJD1C,KMT2D,Male,51-60,,,,,,,,,,,,,,,,,,,,,,,,,,,,,,,,,,,,Site2 Hugo Symbol value is JMJD1C AND Event Info value is KMT2D-JMJD1C AND Site1 Hugo Symbol value is KMT2D AND Sex value is Male AND Diagnosis Age value is 51-60
0.233333333,,CDKN2B,Esophageal Carcinoma,CDKN2B-Intragenic,CDKN2B,Male,61-70,,,,,,,,,,,,,,,,,,,,,,,,,,,,,,,,,,,,TMB (nonsynonymous) value is 0.233333333 AND Site2 Hugo Symbol value is CDKN2B AND Event Info value is CDKN2B-Intragenic AND Site1 Hugo Symbol value is CDKN2B AND Sex value is Male AND Diagnosis Age value is 61-70
0.366666667,,CDKN2B,Gallbladder Carcinoma,CDKN2A-CDKN2B,CDKN2A,Female,,,,,,,,,,,,,,,,,,,,,,,,,,,,,,,,,,,,,TMB (nonsynonymous) value is 0.366666667 AND Site2 Hugo Symbol value is CDKN2B AND Event Info value is CDKN2A-CDKN2B AND Site1 Hugo Symbol value is CDKN2A AND Sex value is Female
0.233333333,,MTAP,Gallbladder Carcinoma,CDKN2A-MTAP,CDKN2A,Female,,,,,,,,,,,,,,,,,,,,,,,,,,,,,,,,,,,,,TMB (nonsynonymous) value is 0.233333333 AND Site2 Hugo Symbol value is MTAP AND Event Info value is CDKN2A-MTAP AND Site1 Hugo Symbol value is CDKN2A AND Sex value is Female
0.366666667,,BLM,Gastric Cancer,,,Male,71-80,,,,,,,,,,,,,,,,,,,,,,,,,,,,,,,,,,,,TMB (nonsynonymous) value is 0.366666667 AND Site2 Hugo Symbol value is BLM AND Sex value is Male AND Diagnosis Age value is 71-80
,,,Gastric Cancer,CTNNA1-Intragenic,CTNNA1,,61-70,,,,,,,,,,,,,,,,,,,,,,,,,,,,,,,,,,,,Event Info value is CTNNA1-Intragenic AND Site1 Hugo Symbol value is CTNNA1 AND Diagnosis Age value is 61-70
0.366666667,,ARID2,Gastric Cancer,,,Male,71-80,,,,,,,,,,,,,,,,,,,,,,,,,,,,,,,,,,,,TMB (nonsynonymous) value is 0.366666667 AND Site2 Hugo Symbol value is ARID2 AND Sex value is Male AND Diagnosis Age value is 71-80
0.2,,ARID1A,Gastric Cancer,ARID1A-Intragenic,ARID1A,Male,80+,,,,,,,,,,,,,,,,,,,,,,,,,,,,,,,,,,,,TMB (nonsynonymous) value is 0.2 AND Site2 Hugo Symbol value is ARID1A AND Event Info value is ARID1A-Intragenic AND Site1 Hugo Symbol value is ARID1A AND Sex value is Male AND Diagnosis Age value is 80+
,,ATM,Gastric Cancer,NPAT-ATM,NPAT,Male,80+,,,,,,,,,,,,,,,,,,,,,,,,,,,,,,,,,,,,Site2 Hugo Symbol value is ATM AND Event Info value is NPAT-ATM AND Site1 Hugo Symbol value is NPAT AND Sex value is Male AND Diagnosis Age value is 80+
0.366666667,,BRCA1,Gastric Cancer,BRCA1-Intragenic,BRCA1,Male,,,,,,,,,,,,,,,,,,,,,,,,,,,,,,,,,,,,,TMB (nonsynonymous) value is 0.366666667 AND Site2 Hugo Symbol value is BRCA1 AND Event Info value is BRCA1-Intragenic AND Site1 Hugo Symbol value is BRCA1 AND Sex value is Male
,,NTRK2,Gastric Cancer,SLC24A2-NTRK2,SLC24A2,,61-70,,,,,,,,,,,,,,,,,,,,,,,,,,,,,,,,,,,,Site2 Hugo Symbol value is NTRK2 AND Event Info value is SLC24A2-NTRK2 AND Site1 Hugo Symbol value is SLC24A2 AND Diagnosis Age value is 61-70
0.366666667,,,Gastric Cancer,RNF43-Intragenic,RNF43,,71-80,,,,,,,,,,,,,,,,,,,,,,,,,,,,,,,,,,,,TMB (nonsynonymous) value is 0.366666667 AND Event Info value is RNF43-Intragenic AND Site1 Hugo Symbol value is RNF43 AND Diagnosis Age value is 71-80
,,MEX3C,Gastric Cancer,SMAD4-MEX3C,SMAD4,,61-70,,,,,,,,,,,,,,,,,,,,,,,,,,,,,,,,,,,,Site2 Hugo Symbol value is MEX3C AND Event Info value is SMAD4-MEX3C AND Site1 Hugo Symbol value is SMAD4 AND Diagnosis Age value is 61-70
,,TMOD1,Gastric Cancer,TNFRSF14-TMOD1,TNFRSF14,,61-70,,,,,,,,,,,,,,,,,,,,,,,,,,,,,,,,,,,,Site2 Hugo Symbol value is TMOD1 AND Event Info value is TNFRSF14-TMOD1 AND Site1 Hugo Symbol value is TNFRSF14 AND Diagnosis Age value is 61-70
,,,Gastric Cancer,PTEN-Intragenic,PTEN,Male,71-80,,,,,,,,,,,,,,,,,,,,,,,,,,,,,,,,,,,,Event Info value is PTEN-Intragenic AND Site1 Hugo Symbol value is PTEN AND Sex value is Male AND Diagnosis Age value is 71-80
0.433333333,,,Gastric Cancer,SLC24A2-NTRK2,SLC24A2,,61-70,,,,,,,,,,,,,,,,,,,,,,,,,,,,,,,,,,,,TMB (nonsynonymous) value is 0.433333333 AND Event Info value is SLC24A2-NTRK2 AND Site1 Hugo Symbol value is SLC24A2 AND Diagnosis Age value is 61-70
0.333333333,,,Gastric Cancer,FANCC-MED24,FANCC,Male,61-70,,,,,,,,,,,,,,,,,,,,,,,,,,,,,,,,,,,,TMB (nonsynonymous) value is 0.333333333 AND Event Info value is FANCC-MED24 AND Site1 Hugo Symbol value is FANCC AND Sex value is Male AND Diagnosis Age value is 61-70
,,PLK1,Gastric Cancer,PALB2-PLK1,PALB2,Male,71-80,,,,,,,,,,,,,,,,,,,,,,,,,,,,,,,,,,,,Site2 Hugo Symbol value is PLK1 AND Event Info value is PALB2-PLK1 AND Site1 Hugo Symbol value is PALB2 AND Sex value is Male AND Diagnosis Age value is 71-80
,,PLK1,Gastric Cancer,PALB2-PLK1,PALB2,,71-80,,,,,,,,,,,,,,,,,,,,,,,,,,,,,,,,,,,,Site2 Hugo Symbol value is PLK1 AND Event Info value is PALB2-PLK1 AND Site1 Hugo Symbol value is PALB2 AND Diagnosis Age value is 71-80
,,POLE,Gastric Cancer,PGAM5-POLE,PGAM5,Male,80+,,,,,,,,,,,,,,,,,,,,,,,,,,,,,,,,,,,,Site2 Hugo Symbol value is POLE AND Event Info value is PGAM5-POLE AND Site1 Hugo Symbol value is PGAM5 AND Sex value is Male AND Diagnosis Age value is 80+
0.4,,EPHA5,Gastric Cancer,EPHA5-Intragenic,EPHA5,Male,,,,,,,,,,,,,,,,,,,,,,,,,,,,,,,,,,,,,TMB (nonsynonymous) value is 0.4 AND Site2 Hugo Symbol value is EPHA5 AND Event Info value is EPHA5-Intragenic AND Site1 Hugo Symbol value is EPHA5 AND Sex value is Male
,,TMOD1,Gastric Cancer,TNFRSF14-TMOD1,TNFRSF14,Male,61-70,,,,,,,,,,,,,,,,,,,,,,,,,,,,,,,,,,,,Site2 Hugo Symbol value is TMOD1 AND Event Info value is TNFRSF14-TMOD1 AND Site1 Hugo Symbol value is TNFRSF14 AND Sex value is Male AND Diagnosis Age value is 61-70
,,SMARCA4,Gastric Cancer,SMARCA4-Intragenic,SMARCA4,,71-80,,,,,,,,,,,,,,,,,,,,,,,,,,,,,,,,,,,,Site2 Hugo Symbol value is SMARCA4 AND Event Info value is SMARCA4-Intragenic AND Site1 Hugo Symbol value is SMARCA4 AND Diagnosis Age value is 71-80
,,STAG2,Gastric Cancer,STAG2-Intragenic,STAG2,,61-70,,,,,,,,,,,,,,,,,,,,,,,,,,,,,,,,,,,,Site2 Hugo Symbol value is STAG2 AND Event Info value is STAG2-Intragenic AND Site1 Hugo Symbol value is STAG2 AND Diagnosis Age value is 61-70
0.366666667,,ETV6,Gastric Cancer,ETV6-Intragenic,ETV6,Male,,,,,,,,,,,,,,,,,,,,,,,,,,,,,,,,,,,,,TMB (nonsynonymous) value is 0.366666667 AND Site2 Hugo Symbol value is ETV6 AND Event Info value is ETV6-Intragenic AND Site1 Hugo Symbol value is ETV6 AND Sex value is Male
0.4,,,Gastric Cancer,GLI3-Intragenic,GLI3,Male,80+,,,,,,,,,,,,,,,,,,,,,,,,,,,,,,,,,,,,TMB (nonsynonymous) value is 0.4 AND Event Info value is GLI3-Intragenic AND Site1 Hugo Symbol value is GLI3 AND Sex value is Male AND Diagnosis Age value is 80+
0.333333333,,TSC2,Liver Hepatocellular Carcinoma,TSC2-Intragenic,TSC2,Male,41-50,,,,,,,,,,,,,,,,,,,,,,,,,,,,,,,,,,,,TMB (nonsynonymous) value is 0.333333333 AND Site2 Hugo Symbol value is TSC2 AND Event Info value is TSC2-Intragenic AND Site1 Hugo Symbol value is TSC2 AND Sex value is Male AND Diagnosis Age value is 41-50
0.366666667,,AXIN1,Liver Hepatocellular Carcinoma,AXIN1-Intragenic,AXIN1,Male,31-40,,,,,,,,,,,,,,,,,,,,,,,,,,,,,,,,,,,,TMB (nonsynonymous) value is 0.366666667 AND Site2 Hugo Symbol value is AXIN1 AND Event Info value is AXIN1-Intragenic AND Site1 Hugo Symbol value is AXIN1 AND Sex value is Male AND Diagnosis Age value is 31-40
0.266666667,,,Liver Hepatocellular Carcinoma,TSC2-Intragenic,,Male,41-50,,,,,,,,,,,,,,,,,,,,,,,,,,,,,,,,,,,,TMB (nonsynonymous) value is 0.266666667 AND Event Info value is TSC2-Intragenic AND Sex value is Male AND Diagnosis Age value is 41-50
0.166666667,,,Liver Hepatocellular Carcinoma,,,Male,,,,,1.0,,,,,,,,,,,,,,,,,,,,,,,,,,,,,1295228.0,,1295228.0,TMB (nonsynonymous) value is 0.166666667 AND Sex value is Male AND is upstream gene variant AND End Position value is 1295228.0 AND Start Position value is 1295228.0
0.133333333,,,Liver Hepatocellular Carcinoma,,,Male,41-50,,,,,,,,,,,,,,,G>T,,,,,,,,,,,,,,,,,,,,,TMB (nonsynonymous) value is 0.133333333 AND Sex value is Male AND Diagnosis Age value is 41-50 AND SNP event value is G>T
1.366666667,Nonsmoker,FANCE,Non Small Cell Lung Cancer,,,,,,,,,,,,,,,,,,,,,,,,,,,,,,,,,,,,,,,,TMB (nonsynonymous) value is 1.366666667 AND Smoke Status value is Nonsmoker AND Site2 Hugo Symbol value is FANCE
1.033333333,Smoker,STK11,Non Small Cell Lung Cancer,,,,,,,,,,,,,,,,,,,,,,,,,,,,,,,,,,,,,,,,TMB (nonsynonymous) value is 1.033333333 AND Smoke Status value is Smoker AND Site2 Hugo Symbol value is STK11
0.933333333,Smoker,LRP1B,Non Small Cell Lung Cancer,,,,,,,,,,,,,,,,,,,,,,,,,,,,,,,,,,,,,,,,TMB (nonsynonymous) value is 0.933333333 AND Smoke Status value is Smoker AND Site2 Hugo Symbol value is LRP1B
0.966666667,Nonsmoker,SORCS3,Non Small Cell Lung Cancer,,,,,,,,,,,,,,,,,,,,,,,,,,,,,,,,,,,,,,,,TMB (nonsynonymous) value is 0.966666667 AND Smoke Status value is Nonsmoker AND Site2 Hugo Symbol value is SORCS3
0.9,Smoker,MET,Non Small Cell Lung Cancer,,,,,,,,,,,,,,,,,,,,,,,,,,,,,,,,,,,,,,,,TMB (nonsynonymous) value is 0.9 AND Smoke Status value is Smoker AND Site2 Hugo Symbol value is MET
1.033333333,,PTCH1,Non Small Cell Lung Cancer,PTCH1-Intragenic,PTCH1,Male,,,,,,,,,,,,,,,,,,,,,,,,,,,,,,,,,,,,,TMB (nonsynonymous) value is 1.033333333 AND Site2 Hugo Symbol value is PTCH1 AND Event Info value is PTCH1-Intragenic AND Site1 Hugo Symbol value is PTCH1 AND Sex value is Male
0.9,Smoker,FOXL2,Non Small Cell Lung Cancer,,,,,,,,,,,,,,,,,,,,,,,,,,,,,,,,,,,,,,,,TMB (nonsynonymous) value is 0.9 AND Smoke Status value is Smoker AND Site2 Hugo Symbol value is FOXL2
0.1,Nonsmoker,ALK,Non Small Cell Lung Cancer,,,,,,,,,,,,,,,,,,,,,,,,,,,,,,,,,,,,,,,,TMB (nonsynonymous) value is 0.1 AND Smoke Status value is Nonsmoker AND Site2 Hugo Symbol value is ALK
,Nonsmoker,ALK,Non Small Cell Lung Cancer,EML4-ALK,,,,,,,,,,,,,,,,,,,,,,,,,,,,,,,,,,,,,,,Smoke Status value is Nonsmoker AND Site2 Hugo Symbol value is ALK AND Event Info value is EML4-ALK
0.866666667,Smoker,LRP1B,Non Small Cell Lung Cancer,,,,,,,,,,,,,,,,,,,,,,,,,,,,,,,,,,,,,,,,TMB (nonsynonymous) value is 0.866666667 AND Smoke Status value is Smoker AND Site2 Hugo Symbol value is LRP1B
0.833333333,Smoker,CREBBP,Non Small Cell Lung Cancer,,,,,,,,,,,,,,,,,,,,,,,,,,,,,,,,,,,,,,,,TMB (nonsynonymous) value is 0.833333333 AND Smoke Status value is Smoker AND Site2 Hugo Symbol value is CREBBP
0.7,Smoker,GALNT1,Non Small Cell Lung Cancer,,,,,,,,,,,,,,,,,,,,,,,,,,,,,,,,,,,,,,,,TMB (nonsynonymous) value is 0.7 AND Smoke Status value is Smoker AND Site2 Hugo Symbol value is GALNT1
0.7,Smoker,FAT1,Non Small Cell Lung Cancer,,,,,,,,,,,,,,,,,,,,,,,,,,,,,,,,,,,,,,,,TMB (nonsynonymous) value is 0.7 AND Smoke Status value is Smoker AND Site2 Hugo Symbol value is FAT1
0.666666667,Smoker,WDFY4,Non Small Cell Lung Cancer,,,,,,,,,,,,,,,,,,,,,,,,,,,,,,,,,,,,,,,,TMB (nonsynonymous) value is 0.666666667 AND Smoke Status value is Smoker AND Site2 Hugo Symbol value is WDFY4
0.7,Smoker,CDKN2B,Non Small Cell Lung Cancer,,,,,,,,,,,,,,,,,,,,,,,,,,,,,,,,,,,,,,,,TMB (nonsynonymous) value is 0.7 AND Smoke Status value is Smoker AND Site2 Hugo Symbol value is CDKN2B
0.6,Smoker,CCDC149,Non Small Cell Lung Cancer,,,,,,,,,,,,,,,,,,,,,,,,,,,,,,,,,,,,,,,,TMB (nonsynonymous) value is 0.6 AND Smoke Status value is Smoker AND Site2 Hugo Symbol value is CCDC149
0.666666667,Smoker,SLC47A1,Non Small Cell Lung Cancer,,,,,,,,,,,,,,,,,,,,,,,,,,,,,,,,,,,,,,,,TMB (nonsynonymous) value is 0.666666667 AND Smoke Status value is Smoker AND Site2 Hugo Symbol value is SLC47A1
,Smoker,LRP1B,Non Small Cell Lung Cancer,,LRP1B,,,,,,,,,,,,,,,,,,,,,,,,,,,,,,,,,,,,,,Smoke Status value is Smoker AND Site2 Hugo Symbol value is LRP1B AND Site1 Hugo Symbol value is LRP1B
0.566666667,Smoker,EGFR,Non Small Cell Lung Cancer,,,,,,,,,,,,,,,,,,,,,,,,,,,,,,,,,,,,,,,,TMB (nonsynonymous) value is 0.566666667 AND Smoke Status value is Smoker AND Site2 Hugo Symbol value is EGFR
,Nonsmoker,SS18,Non Small Cell Lung Cancer,SS18-Intragenic,,,,,,,,,,,,,,,,,,,,,,,,,,,,,,,,,,,,,,,Smoke Status value is Nonsmoker AND Site2 Hugo Symbol value is SS18 AND Event Info value is SS18-Intragenic
,Smoker,CHD2,Non Small Cell Lung Cancer,CHD2-Intragenic,,,,,,,,,,,,,,,,,,,,,,,,,,,,,,,,,,,,,,,Smoke Status value is Smoker AND Site2 Hugo Symbol value is CHD2 AND Event Info value is CHD2-Intragenic
0.066666667,Nonsmoker,ALK,Non Small Cell Lung Cancer,,,,,,,,,,,,,,,,,,,,,,,,,,,,,,,,,,,,,,,,TMB (nonsynonymous) value is 0.066666667 AND Smoke Status value is Nonsmoker AND Site2 Hugo Symbol value is ALK
0.133333333,Nonsmoker,ALK,Non Small Cell Lung Cancer,,,,,,,,,,,,,,,,,,,,,,,,,,,,,,,,,,,,,,,,TMB (nonsynonymous) value is 0.133333333 AND Smoke Status value is Nonsmoker AND Site2 Hugo Symbol value is ALK
,Nonsmoker,NOTCH1,Non Small Cell Lung Cancer,NOTCH1-Intragenic,,,,,,,,,,,,,,,,,,,,,,,,,,,,,,,,,,,,,,,Smoke Status value is Nonsmoker AND Site2 Hugo Symbol value is NOTCH1 AND Event Info value is NOTCH1-Intragenic
,Nonsmoker,ITGA2,Non Small Cell Lung Cancer,,NF1,,,,,,,,,,,,,,,,,,,,,,,,,,,,,,,,,,,,,,Smoke Status value is Nonsmoker AND Site2 Hugo Symbol value is ITGA2 AND Site1 Hugo Symbol value is NF1
,Nonsmoker,APC,Non Small Cell Lung Cancer,APC-Intragenic,,,,,,,,,,,,,,,,,,,,,,,,,,,,,,,,,,,,,,,Smoke Status value is Nonsmoker AND Site2 Hugo Symbol value is APC AND Event Info value is APC-Intragenic
1.233333333,,CHD4,Non Small Cell Lung Cancer,CHD4-Intragenic,,Male,41-50,,,,,,,,,,,,,,,,,,,,,,,,,,,,,,,,,,,,TMB (nonsynonymous) value is 1.233333333 AND Site2 Hugo Symbol value is CHD4 AND Event Info value is CHD4-Intragenic AND Sex value is Male AND Diagnosis Age value is 41-50
0.5,Smoker,TACC3,Non Small Cell Lung Cancer,,,,,,,,,,,,,,,,,,,,,,,,,,,,,,,,,,,,,,,,TMB (nonsynonymous) value is 0.5 AND Smoke Status value is Smoker AND Site2 Hugo Symbol value is TACC3
0.166666667,Smoker,ALK,Non Small Cell Lung Cancer,,,,,,,,,,,,,,,,,,,,,,,,,,,,,,,,,,,,,,,,TMB (nonsynonymous) value is 0.166666667 AND Smoke Status value is Smoker AND Site2 Hugo Symbol value is ALK
,Smoker,NOTCH2,Non Small Cell Lung Cancer,VWA3B-NOTCH2,,,,,,,,,,,,,,,,,,,,,,,,,,,,,,,,,,,,,,,Smoke Status value is Smoker AND Site2 Hugo Symbol value is NOTCH2 AND Event Info value is VWA3B-NOTCH2
,Nonsmoker,STK11,Non Small Cell Lung Cancer,STK11-Intragenic,,,,,,,,,,,,,,,,,,,,,,,,,,,,,,,,,,,,,,,Smoke Status value is Nonsmoker AND Site2 Hugo Symbol value is STK11 AND Event Info value is STK11-Intragenic
,Smoker,MLLT3,Non Small Cell Lung Cancer,,,,71-80,,,,,,,,,,,,,,,,,,,,,,,,,,,,,,,,,,,,Smoke Status value is Smoker AND Site2 Hugo Symbol value is MLLT3 AND Diagnosis Age value is 71-80
0.333333333,Nonsmoker,AXIN2,Non Small Cell Lung Cancer,,,,,,,,,,,,,,,,,,,,,,,,,,,,,,,,,,,,,,,,TMB (nonsynonymous) value is 0.333333333 AND Smoke Status value is Nonsmoker AND Site2 Hugo Symbol value is AXIN2
0.133333333,Nonsmoker,,Non Small Cell Lung Cancer,CD74-ROS1,,,,,,,,,,,,,,,,,,,,,,,,,,,,,,,,,,,,,,,TMB (nonsynonymous) value is 0.133333333 AND Smoke Status value is Nonsmoker AND Event Info value is CD74-ROS1
,Smoker,PRDM1,Non Small Cell Lung Cancer,,PRDM1,,,,,,,,,,,,,,,,,,,,,,,,,,,,,,,,,,,,,,Smoke Status value is Smoker AND Site2 Hugo Symbol value is PRDM1 AND Site1 Hugo Symbol value is PRDM1
0.866666667,Smoker,CDKN2A,Non Small Cell Lung Cancer,,,,,,,,,,,,,,,,,,,,,,,,,,,,,,,,,,,,,,,,TMB (nonsynonymous) value is 0.866666667 AND Smoke Status value is Smoker AND Site2 Hugo Symbol value is CDKN2A
0.633333333,Smoker,,Non Small Cell Lung Cancer,,ARID1A,,,,,,,,,,,,,,,,,,,,,,,,,,,,,,,,,,,,,,TMB (nonsynonymous) value is 0.633333333 AND Smoke Status value is Smoker AND Site1 Hugo Symbol value is ARID1A
0.533333333,Smoker,LRP1B,Non Small Cell Lung Cancer,,,,,,,,,,,,,,,,,,,,,,,,,,,,,,,,,,,,,,,,TMB (nonsynonymous) value is 0.533333333 AND Smoke Status value is Smoker AND Site2 Hugo Symbol value is LRP1B
,Smoker,PRKDC,Non Small Cell Lung Cancer,,PRKDC,,,,,,,,,,,,,,,,,,,,,,,,,,,,,,,,,,,,,,Smoke Status value is Smoker AND Site2 Hugo Symbol value is PRKDC AND Site1 Hugo Symbol value is PRKDC
0.3,Nonsmoker,LRP1,Non Small Cell Lung Cancer,,,,,,,,,,,,,,,,,,,,,,,,,,,,,,,,,,,,,,,,TMB (nonsynonymous) value is 0.3 AND Smoke Status value is Nonsmoker AND Site2 Hugo Symbol value is LRP1
0.133333333,Nonsmoker,,Non Small Cell Lung Cancer,,,,,,,,,,,,,,,,,,,,,,,,21/28,,,,,,,,,,,,,,,,TMB (nonsynonymous) value is 0.133333333 AND Smoke Status value is Nonsmoker AND Exon Number value is 21/28
0.133333333,Nonsmoker,,Non Small Cell Lung Cancer,,,Female,61-70,0.0,0.0,0.0,0.0,0.0,858.0,0.0,0.0,0.0,0.0,0.0,0.0,SNP,0.0,T>G,0.0,0.0,0.0,0.0,21/28,Substitution/Indel,0.0,cTg/cGg,0.0,1.0,EGFR,0.0,0.0,0.0,0.0,7,0.0,55259515.0,0.0,55259515.0,TMB (nonsynonymous) value is 0.133333333 AND Smoke Status value is Nonsmoker AND Sex value is Female AND Diagnosis Age value is 61-70 AND is NOT intergenic variant AND is NOT splice donor variant AND is NOT inframe deletion AND is NOT upstream gene variant AND is NOT frameshift variant AND Protein position value is 858.0 AND is NOT synonymous variant AND is NOT non coding transcript exon variant AND is NOT downstream gene variant AND is NOT splice acceptor variant AND is NOT intron variant AND is NOT stop retained variant AND Variant Type value is SNP AND is NOT protein altering variant AND SNP event value is T>G AND is NOT start retained variant AND is NOT 3 prime UTR variant AND is NOT mature miRNA variant AND is NOT coding sequence variant AND Exon Number value is 21/28 AND VAR TYPE SX value is Substitution/Indel AND is NOT stop lost AND Codons value is cTg/cGg AND is NOT splice region variant AND is missense variant AND Hugo Symbol value is EGFR AND is NOT non coding transcript variant AND is NOT 5 prime UTR variant AND is NOT stop gained AND is NOT inframe insertion AND Chromosome value is 7 AND is NOT start lost AND End Position value is 55259515.0 AND is NOT NMD transcript variant AND Start Position value is 55259515.0
0.033333333,Nonsmoker,ALK,Non Small Cell Lung Cancer,,,,,,,,,,,,,,,,,,,,,,,,,,,,,,,,,,,,,,,,TMB (nonsynonymous) value is 0.033333333 AND Smoke Status value is Nonsmoker AND Site2 Hugo Symbol value is ALK
0.233333333,Smoker,ALK,Non Small Cell Lung Cancer,,,,,,,,,,,,,,,,,,,,,,,,,,,,,,,,,,,,,,,,TMB (nonsynonymous) value is 0.233333333 AND Smoke Status value is Smoker AND Site2 Hugo Symbol value is ALK
0.233333333,Nonsmoker,,Non Small Cell Lung Cancer,CD74-ROS1,,,,,,,,,,,,,,,,,,,,,,,,,,,,,,,,,,,,,,,TMB (nonsynonymous) value is 0.233333333 AND Smoke Status value is Nonsmoker AND Event Info value is CD74-ROS1
0.1,Nonsmoker,,Non Small Cell Lung Cancer,,,Female,51-60,0.0,0.0,0.0,0.0,0.0,858.0,0.0,0.0,0.0,0.0,0.0,0.0,SNP,0.0,T>G,0.0,0.0,0.0,0.0,21/28,Substitution/Indel,0.0,cTg/cGg,0.0,1.0,EGFR,0.0,0.0,0.0,0.0,7,0.0,55259515.0,0.0,55259515.0,TMB (nonsynonymous) value is 0.1 AND Smoke Status value is Nonsmoker AND Sex value is Female AND Diagnosis Age value is 51-60 AND is NOT intergenic variant AND is NOT splice donor variant AND is NOT inframe deletion AND is NOT upstream gene variant AND is NOT frameshift variant AND Protein position value is 858.0 AND is NOT synonymous variant AND is NOT non coding transcript exon variant AND is NOT downstream gene variant AND is NOT splice acceptor variant AND is NOT intron variant AND is NOT stop retained variant AND Variant Type value is SNP AND is NOT protein altering variant AND SNP event value is T>G AND is NOT start retained variant AND is NOT 3 prime UTR variant AND is NOT mature miRNA variant AND is NOT coding sequence variant AND Exon Number value is 21/28 AND VAR TYPE SX value is Substitution/Indel AND is NOT stop lost AND Codons value is cTg/cGg AND is NOT splice region variant AND is missense variant AND Hugo Symbol value is EGFR AND is NOT non coding transcript variant AND is NOT 5 prime UTR variant AND is NOT stop gained AND is NOT inframe insertion AND Chromosome value is 7 AND is NOT start lost AND End Position value is 55259515.0 AND is NOT NMD transcript variant AND Start Position value is 55259515.0
0.866666667,Smoker,CDKN2A,Non Small Cell Lung Cancer,,,Male,,,,,,,,,,,,,,,,,,,,,,,,,,,,,,,,,,,,,TMB (nonsynonymous) value is 0.866666667 AND Smoke Status value is Smoker AND Site2 Hugo Symbol value is CDKN2A AND Sex value is Male
0.633333333,Smoker,CFTR,Non Small Cell Lung Cancer,,,,,,,,,,,,,,,,,,,,,,,,,,,,,,,,,,,,,,,,TMB (nonsynonymous) value is 0.633333333 AND Smoke Status value is Smoker AND Site2 Hugo Symbol value is CFTR
0.2,Smoker,CLMN,Non Small Cell Lung Cancer,,,,,,,,,,,,,,,,,,,,,,,,,,,,,,,,,,,,,,,,TMB (nonsynonymous) value is 0.2 AND Smoke Status value is Smoker AND Site2 Hugo Symbol value is CLMN
,Smoker,LIN28A,Non Small Cell Lung Cancer,NOTCH2-LIN28A,,,,,,,,,,,,,,,,,,,,,,,,,,,,,,,,,,,,,,,Smoke Status value is Smoker AND Site2 Hugo Symbol value is LIN28A AND Event Info value is NOTCH2-LIN28A
0.666666667,Nonsmoker,,Non Small Cell Lung Cancer,EML4-ALK,,,,,,,,,,,,,,,,,,,,,,,,,,,,,,,,,,,,,,,TMB (nonsynonymous) value is 0.666666667 AND Smoke Status value is Nonsmoker AND Event Info value is EML4-ALK
,Smoker,FBXO38,Non Small Cell Lung Cancer,CTNNA1-FBXO38,,,,,,,,,,,,,,,,,,,,,,,,,,,,,,,,,,,,,,,Smoke Status value is Smoker AND Site2 Hugo Symbol value is FBXO38 AND Event Info value is CTNNA1-FBXO38
0.2,Nonsmoker,,Non Small Cell Lung Cancer,CHD4-LAG3,,,,,,,,,,,,,,,,,,,,,,,,,,,,,,,,,,,,,,,TMB (nonsynonymous) value is 0.2 AND Smoke Status value is Nonsmoker AND Event Info value is CHD4-LAG3
0.133333333,Nonsmoker,,Non Small Cell Lung Cancer,,,Female,51-60,0.0,0.0,0.0,0.0,0.0,858.0,0.0,0.0,0.0,0.0,0.0,0.0,SNP,0.0,T>G,0.0,0.0,0.0,0.0,21/28,Substitution/Indel,0.0,cTg/cGg,0.0,1.0,EGFR,0.0,0.0,0.0,0.0,7,0.0,55259515.0,0.0,55259515.0,TMB (nonsynonymous) value is 0.133333333 AND Smoke Status value is Nonsmoker AND Sex value is Female AND Diagnosis Age value is 51-60 AND is NOT intergenic variant AND is NOT splice donor variant AND is NOT inframe deletion AND is NOT upstream gene variant AND is NOT frameshift variant AND Protein position value is 858.0 AND is NOT synonymous variant AND is NOT non coding transcript exon variant AND is NOT downstream gene variant AND is NOT splice acceptor variant AND is NOT intron variant AND is NOT stop retained variant AND Variant Type value is SNP AND is NOT protein altering variant AND SNP event value is T>G AND is NOT start retained variant AND is NOT 3 prime UTR variant AND is NOT mature miRNA variant AND is NOT coding sequence variant AND Exon Number value is 21/28 AND VAR TYPE SX value is Substitution/Indel AND is NOT stop lost AND Codons value is cTg/cGg AND is NOT splice region variant AND is missense variant AND Hugo Symbol value is EGFR AND is NOT non coding transcript variant AND is NOT 5 prime UTR variant AND is NOT stop gained AND is NOT inframe insertion AND Chromosome value is 7 AND is NOT start lost AND End Position value is 55259515.0 AND is NOT NMD transcript variant AND Start Position value is 55259515.0
0.133333333,,ALK,Non Small Cell Lung Cancer,EML4-ALK,EML4,,,,,,,,,,,,,,,,,,,,,,,,,,,,,,,,,,,,,,TMB (nonsynonymous) value is 0.133333333 AND Site2 Hugo Symbol value is ALK AND Event Info value is EML4-ALK AND Site1 Hugo Symbol value is EML4
,Nonsmoker,ITGA2,Non Small Cell Lung Cancer,NF1-ITGA2,,,,,,,,,,,,,,,,,,,,,,,,,,,,,,,,,,,,,,,Smoke Status value is Nonsmoker AND Site2 Hugo Symbol value is ITGA2 AND Event Info value is NF1-ITGA2
0.2,Nonsmoker,ALK,Non Small Cell Lung Cancer,,,,,,,,,,,,,,,,,,,,,,,,,,,,,,,,,,,,,,,,TMB (nonsynonymous) value is 0.2 AND Smoke Status value is Nonsmoker AND Site2 Hugo Symbol value is ALK
,Nonsmoker,TP53,Non Small Cell Lung Cancer,TP53-Intragenic,,,,,,,,,,,,,,,,,,,,,,,,,,,,,,,,,,,,,,,Smoke Status value is Nonsmoker AND Site2 Hugo Symbol value is TP53 AND Event Info value is TP53-Intragenic
0.1,Nonsmoker,ROS1,Non Small Cell Lung Cancer,,,,,,,,,,,,,,,,,,,,,,,,,,,,,,,,,,,,,,,,TMB (nonsynonymous) value is 0.1 AND Smoke Status value is Nonsmoker AND Site2 Hugo Symbol value is ROS1
0.633333333,Smoker,ARID1A,Non Small Cell Lung Cancer,,,,,,,,,,,,,,,,,,,,,,,,,,,,,,,,,,,,,,,,TMB (nonsynonymous) value is 0.633333333 AND Smoke Status value is Smoker AND Site2 Hugo Symbol value is ARID1A
,Smoker,CFTR,Non Small Cell Lung Cancer,CFTR-Intragenic,,,,,,,,,,,,,,,,,,,,,,,,,,,,,,,,,,,,,,,Smoke Status value is Smoker AND Site2 Hugo Symbol value is CFTR AND Event Info value is CFTR-Intragenic
,Smoker,LRP1B,Non Small Cell Lung Cancer,LRP1B-Intragenic,LRP1B,,,,,,,,,,,,,,,,,,,,,,,,,,,,,,,,,,,,,,Smoke Status value is Smoker AND Site2 Hugo Symbol value is LRP1B AND Event Info value is LRP1B-Intragenic AND Site1 Hugo Symbol value is LRP1B
0.233333333,Nonsmoker,,Non Small Cell Lung Cancer,TP53-Intragenic,,,,,,,,,,,,,,,,,,,,,,,,,,,,,,,,,,,,,,,TMB (nonsynonymous) value is 0.233333333 AND Smoke Status value is Nonsmoker AND Event Info value is TP53-Intragenic
0.166666667,Smoker,STK11,Non Small Cell Lung Cancer,,,,,,,,,,,,,,,,,,,,,,,,,,,,,,,,,,,,,,,,TMB (nonsynonymous) value is 0.166666667 AND Smoke Status value is Smoker AND Site2 Hugo Symbol value is STK11
0.166666667,Nonsmoker,ALK,Non Small Cell Lung Cancer,,,,,,,,,,,,,,,,,,,,,,,,,,,,,,,,,,,,,,,,TMB (nonsynonymous) value is 0.166666667 AND Smoke Status value is Nonsmoker AND Site2 Hugo Symbol value is ALK
,Nonsmoker,EPHB1,Non Small Cell Lung Cancer,EPHB1-Intragenic,,,,,,,,,,,,,,,,,,,,,,,,,,,,,,,,,,,,,,,Smoke Status value is Nonsmoker AND Site2 Hugo Symbol value is EPHB1 AND Event Info value is EPHB1-Intragenic
0.233333333,Smoker,ROS1,Non Small Cell Lung Cancer,,,,,,,,,,,,,,,,,,,,,,,,,,,,,,,,,,,,,,,,TMB (nonsynonymous) value is 0.233333333 AND Smoke Status value is Smoker AND Site2 Hugo Symbol value is ROS1
0.666666667,Nonsmoker,,Non Small Cell Lung Cancer,,,,41-50,,,,,,,,,,,,,,,,,,,,,,,,,,,,,,,,,,,,TMB (nonsynonymous) value is 0.666666667 AND Smoke Status value is Nonsmoker AND Diagnosis Age value is 41-50
0.5,Smoker,POLE,Non Small Cell Lung Cancer,,,,,,,,,,,,,,,,,,,,,,,,,,,,,,,,,,,,,,,,TMB (nonsynonymous) value is 0.5 AND Smoke Status value is Smoker AND Site2 Hugo Symbol value is POLE
,Smoker,POLE,Non Small Cell Lung Cancer,,POLE,,,,,,,,,,,,,,,,,,,,,,,,,,,,,,,,,,,,,,Smoke Status value is Smoker AND Site2 Hugo Symbol value is POLE AND Site1 Hugo Symbol value is POLE
0.2,Smoker,RB1,Non Small Cell Lung Cancer,,,,,,,,,,,,,,,,,,,,,,,,,,,,,,,,,,,,,,,,TMB (nonsynonymous) value is 0.2 AND Smoke Status value is Smoker AND Site2 Hugo Symbol value is RB1
0.166666667,Nonsmoker,FAT3,Non Small Cell Lung Cancer,,,,,,,,,,,,,,,,,,,,,,,,,,,,,,,,,,,,,,,,TMB (nonsynonymous) value is 0.166666667 AND Smoke Status value is Nonsmoker AND Site2 Hugo Symbol value is FAT3
0.2,Nonsmoker,SMARCA4,Non Small Cell Lung Cancer,,,,,,,,,,,,,,,,,,,,,,,,,,,,,,,,,,,,,,,,TMB (nonsynonymous) value is 0.2 AND Smoke Status value is Nonsmoker AND Site2 Hugo Symbol value is SMARCA4
,Smoker,NCOA2,Non Small Cell Lung Cancer,,NCOA2,,,,,,,,,,,,,,,,,,,,,,,,,,,,,,,,,,,,,,Smoke Status value is Smoker AND Site2 Hugo Symbol value is NCOA2 AND Site1 Hugo Symbol value is NCOA2
,Smoker,DICER1,Non Small Cell Lung Cancer,DICER1-Intragenic,,,,,,,,,,,,,,,,,,,,,,,,,,,,,,,,,,,,,,,Smoke Status value is Smoker AND Site2 Hugo Symbol value is DICER1 AND Event Info value is DICER1-Intragenic
0.133333333,Nonsmoker,,Non Small Cell Lung Cancer,,,,61-70,,,,,,,,,,,,,,,,,,,,,,,,,,,,,,,,,,,,TMB (nonsynonymous) value is 0.133333333 AND Smoke Status value is Nonsmoker AND Diagnosis Age value is 61-70
,Nonsmoker,SS18,Non Small Cell Lung Cancer,,,Male,,,,,,,,,,,,,,,,,,,,,,,,,,,,,,,,,,,,,Smoke Status value is Nonsmoker AND Site2 Hugo Symbol value is SS18 AND Sex value is Male
0.2,Nonsmoker,,Non Small Cell Lung Cancer,CDKN2A-MTAP,,,,,,,,,,,,,,,,,,,,,,,,,,,,,,,,,,,,,,,TMB (nonsynonymous) value is 0.2 AND Smoke Status value is Nonsmoker AND Event Info value is CDKN2A-MTAP
0.1,Nonsmoker,,Non Small Cell Lung Cancer,,,Female,61-70,0.0,0.0,0.0,0.0,0.0,858.0,0.0,0.0,0.0,0.0,0.0,0.0,SNP,0.0,T>G,0.0,0.0,0.0,0.0,21/28,Substitution/Indel,0.0,cTg/cGg,0.0,1.0,EGFR,0.0,0.0,0.0,0.0,7,0.0,55259515.0,0.0,55259515.0,TMB (nonsynonymous) value is 0.1 AND Smoke Status value is Nonsmoker AND Sex value is Female AND Diagnosis Age value is 61-70 AND is NOT intergenic variant AND is NOT splice donor variant AND is NOT inframe deletion AND is NOT upstream gene variant AND is NOT frameshift variant AND Protein position value is 858.0 AND is NOT synonymous variant AND is NOT non coding transcript exon variant AND is NOT downstream gene variant AND is NOT splice acceptor variant AND is NOT intron variant AND is NOT stop retained variant AND Variant Type value is SNP AND is NOT protein altering variant AND SNP event value is T>G AND is NOT start retained variant AND is NOT 3 prime UTR variant AND is NOT mature miRNA variant AND is NOT coding sequence variant AND Exon Number value is 21/28 AND VAR TYPE SX value is Substitution/Indel AND is NOT stop lost AND Codons value is cTg/cGg AND is NOT splice region variant AND is missense variant AND Hugo Symbol value is EGFR AND is NOT non coding transcript variant AND is NOT 5 prime UTR variant AND is NOT stop gained AND is NOT inframe insertion AND Chromosome value is 7 AND is NOT start lost AND End Position value is 55259515.0 AND is NOT NMD transcript variant AND Start Position value is 55259515.0
0.133333333,Nonsmoker,PDGFB,Non Small Cell Lung Cancer,,,,,,,,,,,,,,,,,,,,,,,,,,,,,,,,,,,,,,,,TMB (nonsynonymous) value is 0.133333333 AND Smoke Status value is Nonsmoker AND Site2 Hugo Symbol value is PDGFB
0.266666667,Nonsmoker,,Non Small Cell Lung Cancer,RARA-TUBG2,,,,,,,,,,,,,,,,,,,,,,,,,,,,,,,,,,,,,,,TMB (nonsynonymous) value is 0.266666667 AND Smoke Status value is Nonsmoker AND Event Info value is RARA-TUBG2
0.133333333,Nonsmoker,PLEKHG4B,Non Small Cell Lung Cancer,,,,,,,,,,,,,,,,,,,,,,,,,,,,,,,,,,,,,,,,TMB (nonsynonymous) value is 0.133333333 AND Smoke Status value is Nonsmoker AND Site2 Hugo Symbol value is PLEKHG4B
0.133333333,Smoker,FOXN3,Non Small Cell Lung Cancer,,,,,,,,,,,,,,,,,,,,,,,,,,,,,,,,,,,,,,,,TMB (nonsynonymous) value is 0.133333333 AND Smoke Status value is Smoker AND Site2 Hugo Symbol value is FOXN3
0.166666667,Nonsmoker,,Non Small Cell Lung Cancer,,,Female,61-70,0.0,0.0,0.0,0.0,0.0,858.0,0.0,0.0,0.0,0.0,0.0,0.0,SNP,0.0,T>G,0.0,0.0,0.0,0.0,21/28,Substitution/Indel,0.0,cTg/cGg,0.0,1.0,EGFR,0.0,0.0,0.0,0.0,7,0.0,55259515.0,0.0,55259515.0,TMB (nonsynonymous) value is 0.166666667 AND Smoke Status value is Nonsmoker AND Sex value is Female AND Diagnosis Age value is 61-70 AND is NOT intergenic variant AND is NOT splice donor variant AND is NOT inframe deletion AND is NOT upstream gene variant AND is NOT frameshift variant AND Protein position value is 858.0 AND is NOT synonymous variant AND is NOT non coding transcript exon variant AND is NOT downstream gene variant AND is NOT splice acceptor variant AND is NOT intron variant AND is NOT stop retained variant AND Variant Type value is SNP AND is NOT protein altering variant AND SNP event value is T>G AND is NOT start retained variant AND is NOT 3 prime UTR variant AND is NOT mature miRNA variant AND is NOT coding sequence variant AND Exon Number value is 21/28 AND VAR TYPE SX value is Substitution/Indel AND is NOT stop lost AND Codons value is cTg/cGg AND is NOT splice region variant AND is missense variant AND Hugo Symbol value is EGFR AND is NOT non coding transcript variant AND is NOT 5 prime UTR variant AND is NOT stop gained AND is NOT inframe insertion AND Chromosome value is 7 AND is NOT start lost AND End Position value is 55259515.0 AND is NOT NMD transcript variant AND Start Position value is 55259515.0
0.2,Smoker,SMARCA4,Non Small Cell Lung Cancer,,,,,,,,,,,,,,,,,,,,,,,,,,,,,,,,,,,,,,,,TMB (nonsynonymous) value is 0.2 AND Smoke Status value is Smoker AND Site2 Hugo Symbol value is SMARCA4
0.166666667,Nonsmoker,,Non Small Cell Lung Cancer,CDKN2A-Intragenic,,,,,,,,,,,,,,,,,,,,,,,,,,,,,,,,,,,,,,,TMB (nonsynonymous) value is 0.166666667 AND Smoke Status value is Nonsmoker AND Event Info value is CDKN2A-Intragenic
0.166666667,Nonsmoker,NF1,Non Small Cell Lung Cancer,,,,,,,,,,,,,,,,,,,,,,,,,,,,,,,,,,,,,,,,TMB (nonsynonymous) value is 0.166666667 AND Smoke Status value is Nonsmoker AND Site2 Hugo Symbol value is NF1
0.166666667,Nonsmoker,APC,Non Small Cell Lung Cancer,,,,,,,,,,,,,,,,,,,,,,,,,,,,,,,,,,,,,,,,TMB (nonsynonymous) value is 0.166666667 AND Smoke Status value is Nonsmoker AND Site2 Hugo Symbol value is APC
,Smoker,MLLT3,Non Small Cell Lung Cancer,LRP1-MLLT3,,,,,,,,,,,,,,,,,,,,,,,,,,,,,,,,,,,,,,,Smoke Status value is Smoker AND Site2 Hugo Symbol value is MLLT3 AND Event Info value is LRP1-MLLT3
,Smoker,LRP1B,Non Small Cell Lung Cancer,LRP1B-Intragenic,,,,,,,,,,,,,,,,,,,,,,,,,,,,,,,,,,,,,,,Smoke Status value is Smoker AND Site2 Hugo Symbol value is LRP1B AND Event Info value is LRP1B-Intragenic
0.233333333,Smoker,NEK11,Non Small Cell Lung Cancer,,,,,,,,,,,,,,,,,,,,,,,,,,,,,,,,,,,,,,,,TMB (nonsynonymous) value is 0.233333333 AND Smoke Status value is Smoker AND Site2 Hugo Symbol value is NEK11
,Nonsmoker,SBDS,Non Small Cell Lung Cancer,MEN1-SBDS,,,,,,,,,,,,,,,,,,,,,,,,,,,,,,,,,,,,,,,Smoke Status value is Nonsmoker AND Site2 Hugo Symbol value is SBDS AND Event Info value is MEN1-SBDS
0.133333333,Nonsmoker,,Non Small Cell Lung Cancer,,,,71-80,,,,,,,,,,,,,,,,,,,,,,,,,,,,,,,,,,,,TMB (nonsynonymous) value is 0.133333333 AND Smoke Status value is Nonsmoker AND Diagnosis Age value is 71-80
0.2,Nonsmoker,ADAM22,Non Small Cell Lung Cancer,,,,,,,,,,,,,,,,,,,,,,,,,,,,,,,,,,,,,,,,TMB (nonsynonymous) value is 0.2 AND Smoke Status value is Nonsmoker AND Site2 Hugo Symbol value is ADAM22
0.233333333,Nonsmoker,REEP5,Non Small Cell Lung Cancer,,,,,,,,,,,,,,,,,,,,,,,,,,,,,,,,,,,,,,,,TMB (nonsynonymous) value is 0.233333333 AND Smoke Status value is Nonsmoker AND Site2 Hugo Symbol value is REEP5
0.666666667,Nonsmoker,ALK,Non Small Cell Lung Cancer,,,,,,,,,,,,,,,,,,,,,,,,,,,,,,,,,,,,,,,,TMB (nonsynonymous) value is 0.666666667 AND Smoke Status value is Nonsmoker AND Site2 Hugo Symbol value is ALK
0.866666667,Smoker,LRP1B,Non Small Cell Lung Cancer,LRP1B-Intragenic,LRP1B,,,,,,,,,,,,,,,,,,,,,,,,,,,,,,,,,,,,,,TMB (nonsynonymous) value is 0.866666667 AND Smoke Status value is Smoker AND Site2 Hugo Symbol value is LRP1B AND Event Info value is LRP1B-Intragenic AND Site1 Hugo Symbol value is LRP1B
0.133333333,Smoker,CDKN2A,Non Small Cell Lung Cancer,,,,,,,,,,,,,,,,,,,,,,,,,,,,,,,,,,,,,,,,TMB (nonsynonymous) value is 0.133333333 AND Smoke Status value is Smoker AND Site2 Hugo Symbol value is CDKN2A
,Nonsmoker,LRP1,Non Small Cell Lung Cancer,LRP1-Intragenic,,,,,,,,,,,,,,,,,,,,,,,,,,,,,,,,,,,,,,,Smoke Status value is Nonsmoker AND Site2 Hugo Symbol value is LRP1 AND Event Info value is LRP1-Intragenic
1.366666667,Nonsmoker,FANCE,Non Small Cell Lung Cancer,NKAIN2-FANCE,NKAIN2,,,,,,,,,,,,,,,,,,,,,,,,,,,,,,,,,,,,,,TMB (nonsynonymous) value is 1.366666667 AND Smoke Status value is Nonsmoker AND Site2 Hugo Symbol value is FANCE AND Event Info value is NKAIN2-FANCE AND Site1 Hugo Symbol value is NKAIN2
0.233333333,Nonsmoker,,Non Small Cell Lung Cancer,,,Female,51-60,0.0,0.0,0.0,0.0,0.0,858.0,0.0,0.0,0.0,0.0,0.0,0.0,SNP,0.0,T>G,0.0,0.0,0.0,0.0,21/28,Substitution/Indel,0.0,cTg/cGg,0.0,1.0,EGFR,0.0,0.0,0.0,0.0,7,0.0,55259515.0,0.0,55259515.0,TMB (nonsynonymous) value is 0.233333333 AND Smoke Status value is Nonsmoker AND Sex value is Female AND Diagnosis Age value is 51-60 AND is NOT intergenic variant AND is NOT splice donor variant AND is NOT inframe deletion AND is NOT upstream gene variant AND is NOT frameshift variant AND Protein position value is 858.0 AND is NOT synonymous variant AND is NOT non coding transcript exon variant AND is NOT downstream gene variant AND is NOT splice acceptor variant AND is NOT intron variant AND is NOT stop retained variant AND Variant Type value is SNP AND is NOT protein altering variant AND SNP event value is T>G AND is NOT start retained variant AND is NOT 3 prime UTR variant AND is NOT mature miRNA variant AND is NOT coding sequence variant AND Exon Number value is 21/28 AND VAR TYPE SX value is Substitution/Indel AND is NOT stop lost AND Codons value is cTg/cGg AND is NOT splice region variant AND is missense variant AND Hugo Symbol value is EGFR AND is NOT non coding transcript variant AND is NOT 5 prime UTR variant AND is NOT stop gained AND is NOT inframe insertion AND Chromosome value is 7 AND is NOT start lost AND End Position value is 55259515.0 AND is NOT NMD transcript variant AND Start Position value is 55259515.0
0.133333333,Nonsmoker,BRIP1,Non Small Cell Lung Cancer,,,,,,,,,,,,,,,,,,,,,,,,,,,,,,,,,,,,,,,,TMB (nonsynonymous) value is 0.133333333 AND Smoke Status value is Nonsmoker AND Site2 Hugo Symbol value is BRIP1
0.133333333,Nonsmoker,NTRK3,Non Small Cell Lung Cancer,,,,,,,,,,,,,,,,,,,,,,,,,,,,,,,,,,,,,,,,TMB (nonsynonymous) value is 0.133333333 AND Smoke Status value is Nonsmoker AND Site2 Hugo Symbol value is NTRK3
0.166666667,Nonsmoker,,Non Small Cell Lung Cancer,,,Female,51-60,0.0,0.0,0.0,0.0,0.0,858.0,0.0,0.0,0.0,0.0,0.0,0.0,SNP,0.0,T>G,0.0,0.0,0.0,0.0,21/28,Substitution/Indel,0.0,cTg/cGg,0.0,1.0,EGFR,0.0,0.0,0.0,0.0,7,0.0,55259515.0,0.0,55259515.0,TMB (nonsynonymous) value is 0.166666667 AND Smoke Status value is Nonsmoker AND Sex value is Female AND Diagnosis Age value is 51-60 AND is NOT intergenic variant AND is NOT splice donor variant AND is NOT inframe deletion AND is NOT upstream gene variant AND is NOT frameshift variant AND Protein position value is 858.0 AND is NOT synonymous variant AND is NOT non coding transcript exon variant AND is NOT downstream gene variant AND is NOT splice acceptor variant AND is NOT intron variant AND is NOT stop retained variant AND Variant Type value is SNP AND is NOT protein altering variant AND SNP event value is T>G AND is NOT start retained variant AND is NOT 3 prime UTR variant AND is NOT mature miRNA variant AND is NOT coding sequence variant AND Exon Number value is 21/28 AND VAR TYPE SX value is Substitution/Indel AND is NOT stop lost AND Codons value is cTg/cGg AND is NOT splice region variant AND is missense variant AND Hugo Symbol value is EGFR AND is NOT non coding transcript variant AND is NOT 5 prime UTR variant AND is NOT stop gained AND is NOT inframe insertion AND Chromosome value is 7 AND is NOT start lost AND End Position value is 55259515.0 AND is NOT NMD transcript variant AND Start Position value is 55259515.0
0.066666667,Nonsmoker,,Non Small Cell Lung Cancer,,,Female,,0.0,0.0,0.0,0.0,0.0,858.0,0.0,0.0,0.0,0.0,0.0,0.0,SNP,0.0,T>G,0.0,0.0,0.0,0.0,21/28,Substitution/Indel,0.0,cTg/cGg,0.0,1.0,EGFR,0.0,0.0,0.0,0.0,7,0.0,55259515.0,0.0,55259515.0,TMB (nonsynonymous) value is 0.066666667 AND Smoke Status value is Nonsmoker AND Sex value is Female AND is NOT intergenic variant AND is NOT splice donor variant AND is NOT inframe deletion AND is NOT upstream gene variant AND is NOT frameshift variant AND Protein position value is 858.0 AND is NOT synonymous variant AND is NOT non coding transcript exon variant AND is NOT downstream gene variant AND is NOT splice acceptor variant AND is NOT intron variant AND is NOT stop retained variant AND Variant Type value is SNP AND is NOT protein altering variant AND SNP event value is T>G AND is NOT start retained variant AND is NOT 3 prime UTR variant AND is NOT mature miRNA variant AND is NOT coding sequence variant AND Exon Number value is 21/28 AND VAR TYPE SX value is Substitution/Indel AND is NOT stop lost AND Codons value is cTg/cGg AND is NOT splice region variant AND is missense variant AND Hugo Symbol value is EGFR AND is NOT non coding transcript variant AND is NOT 5 prime UTR variant AND is NOT stop gained AND is NOT inframe insertion AND Chromosome value is 7 AND is NOT start lost AND End Position value is 55259515.0 AND is NOT NMD transcript variant AND Start Position value is 55259515.0
1.233333333,,CHD4,Non Small Cell Lung Cancer,CHD4-Intragenic,,Male,41-50,,,,,,,,,,,,,,,G>T,,,,,,,,,,,,,,,,,,,,,TMB (nonsynonymous) value is 1.233333333 AND Site2 Hugo Symbol value is CHD4 AND Event Info value is CHD4-Intragenic AND Sex value is Male AND Diagnosis Age value is 41-50 AND SNP event value is G>T
1.233333333,,CHD4,Non Small Cell Lung Cancer,CHD4-Intragenic,,Male,,,,,,,,,,,,,,,,,,,,,,,,,,,,,,,,,,,,,TMB (nonsynonymous) value is 1.233333333 AND Site2 Hugo Symbol value is CHD4 AND Event Info value is CHD4-Intragenic AND Sex value is Male
0.1,Nonsmoker,,Non Small Cell Lung Cancer,,,,,,,,,,,,,,,,,,,,,,,,21/28,,,,,,,,,,,,,,,,TMB (nonsynonymous) value is 0.1 AND Smoke Status value is Nonsmoker AND Exon Number value is 21/28
0.133333333,Nonsmoker,,Non Small Cell Lung Cancer,,,Female,51-60,0.0,0.0,1.0,0.0,0.0,745.0,0.0,0.0,0.0,0.0,0.0,0.0,DEL,0.0,GGAATTAAGAGAAGC>-,0.0,0.0,0.0,0.0,19/28,Substitution/Indel,0.0,aaGGAATTAAGAGAAGCa/aaa,0.0,0.0,EGFR,0.0,0.0,0.0,0.0,7,0.0,55242479.0,0.0,55242465.0,TMB (nonsynonymous) value is 0.133333333 AND Smoke Status value is Nonsmoker AND Sex value is Female AND Diagnosis Age value is 51-60 AND is NOT intergenic variant AND is NOT splice donor variant AND is inframe deletion AND is NOT upstream gene variant AND is NOT frameshift variant AND Protein position value is 745.0 AND is NOT synonymous variant AND is NOT non coding transcript exon variant AND is NOT downstream gene variant AND is NOT splice acceptor variant AND is NOT intron variant AND is NOT stop retained variant AND Variant Type value is DEL AND is NOT protein altering variant AND SNP event value is GGAATTAAGAGAAGC>- AND is NOT start retained variant AND is NOT 3 prime UTR variant AND is NOT mature miRNA variant AND is NOT coding sequence variant AND Exon Number value is 19/28 AND VAR TYPE SX value is Substitution/Indel AND is NOT stop lost AND Codons value is aaGGAATTAAGAGAAGCa/aaa AND is NOT splice region variant AND is NOT missense variant AND Hugo Symbol value is EGFR AND is NOT non coding transcript variant AND is NOT 5 prime UTR variant AND is NOT stop gained AND is NOT inframe insertion AND Chromosome value is 7 AND is NOT start lost AND End Position value is 55242479.0 AND is NOT NMD transcript variant AND Start Position value is 55242465.0
0.266666667,Nonsmoker,,Non Small Cell Lung Cancer,,,,61-70,,,,,,,,,,,,,,,,,,,,,,,,,,,,,,,,,,,,TMB (nonsynonymous) value is 0.266666667 AND Smoke Status value is Nonsmoker AND Diagnosis Age value is 61-70
0.133333333,Nonsmoker,ATR,Non Small Cell Lung Cancer,,,,,,,,,,,,,,,,,,,,,,,,,,,,,,,,,,,,,,,,TMB (nonsynonymous) value is 0.133333333 AND Smoke Status value is Nonsmoker AND Site2 Hugo Symbol value is ATR
,Smoker,PRDM1,Non Small Cell Lung Cancer,PRDM1-Intragenic,,,,,,,,,,,,,,,,,,,,,,,,,,,,,,,,,,,,,,,Smoke Status value is Smoker AND Site2 Hugo Symbol value is PRDM1 AND Event Info value is PRDM1-Intragenic
0.133333333,Smoker,CLSTN2,Non Small Cell Lung Cancer,,,,,,,,,,,,,,,,,,,,,,,,,,,,,,,,,,,,,,,,TMB (nonsynonymous) value is 0.133333333 AND Smoke Status value is Smoker AND Site2 Hugo Symbol value is CLSTN2
0.1,Nonsmoker,,Non Small Cell Lung Cancer,,,,,,,,,,,,,,,,,,,,,,,,19/28,,,,,,,,,,,,,,,,TMB (nonsynonymous) value is 0.1 AND Smoke Status value is Nonsmoker AND Exon Number value is 19/28
0.166666667,Nonsmoker,PLA2G4D,Non Small Cell Lung Cancer,,,,,,,,,,,,,,,,,,,,,,,,,,,,,,,,,,,,,,,,TMB (nonsynonymous) value is 0.166666667 AND Smoke Status value is Nonsmoker AND Site2 Hugo Symbol value is PLA2G4D
0.133333333,Smoker,CNTN5,Non Small Cell Lung Cancer,,,,,,,,,,,,,,,,,,,,,,,,,,,,,,,,,,,,,,,,TMB (nonsynonymous) value is 0.133333333 AND Smoke Status value is Smoker AND Site2 Hugo Symbol value is CNTN5
,Smoker,PRSS8,Non Small Cell Lung Cancer,,ANKRD33B,,,,,,,,,,,,,,,,,,,,,,,,,,,,,,,,,,,,,,Smoke Status value is Smoker AND Site2 Hugo Symbol value is PRSS8 AND Site1 Hugo Symbol value is ANKRD33B
0.1,Nonsmoker,,Non Small Cell Lung Cancer,,,Male,51-60,0.0,0.0,0.0,0.0,0.0,858.0,0.0,0.0,0.0,0.0,0.0,0.0,SNP,0.0,T>G,0.0,0.0,0.0,0.0,21/28,Substitution/Indel,0.0,cTg/cGg,0.0,1.0,EGFR,0.0,0.0,0.0,0.0,7,0.0,55259515.0,0.0,55259515.0,TMB (nonsynonymous) value is 0.1 AND Smoke Status value is Nonsmoker AND Sex value is Male AND Diagnosis Age value is 51-60 AND is NOT intergenic variant AND is NOT splice donor variant AND is NOT inframe deletion AND is NOT upstream gene variant AND is NOT frameshift variant AND Protein position value is 858.0 AND is NOT synonymous variant AND is NOT non coding transcript exon variant AND is NOT downstream gene variant AND is NOT splice acceptor variant AND is NOT intron variant AND is NOT stop retained variant AND Variant Type value is SNP AND is NOT protein altering variant AND SNP event value is T>G AND is NOT start retained variant AND is NOT 3 prime UTR variant AND is NOT mature miRNA variant AND is NOT coding sequence variant AND Exon Number value is 21/28 AND VAR TYPE SX value is Substitution/Indel AND is NOT stop lost AND Codons value is cTg/cGg AND is NOT splice region variant AND is missense variant AND Hugo Symbol value is EGFR AND is NOT non coding transcript variant AND is NOT 5 prime UTR variant AND is NOT stop gained AND is NOT inframe insertion AND Chromosome value is 7 AND is NOT start lost AND End Position value is 55259515.0 AND is NOT NMD transcript variant AND Start Position value is 55259515.0
0.133333333,Nonsmoker,ROS1,Non Small Cell Lung Cancer,,,,,,,,,,,,,,,,,,,,,,,,,,,,,,,,,,,,,,,,TMB (nonsynonymous) value is 0.133333333 AND Smoke Status value is Nonsmoker AND Site2 Hugo Symbol value is ROS1
0.633333333,Smoker,ARID1A,Non Small Cell Lung Cancer,ARID1A-Intragenic,ARID1A,,,,,,,,,,,,,,,,,,,,,,,,,,,,,,,,,,,,,,TMB (nonsynonymous) value is 0.633333333 AND Smoke Status value is Smoker AND Site2 Hugo Symbol value is ARID1A AND Event Info value is ARID1A-Intragenic AND Site1 Hugo Symbol value is ARID1A
,Smoker,CFTR,Non Small Cell Lung Cancer,,CFTR,,,,,,,,,,,,,,,,,,,,,,,,,,,,,,,,,,,,,,Smoke Status value is Smoker AND Site2 Hugo Symbol value is CFTR AND Site1 Hugo Symbol value is CFTR
0.7,Smoker,CDKN2B,Non Small Cell Lung Cancer,CDKN2B-Intragenic,,,,,,,,,,,,,,,,,,,,,,,,,,,,,,,,,,,,,,,TMB (nonsynonymous) value is 0.7 AND Smoke Status value is Smoker AND Site2 Hugo Symbol value is CDKN2B AND Event Info value is CDKN2B-Intragenic
,Smoker,TACC3,Non Small Cell Lung Cancer,FGFR3-TACC3,FGFR3,,71-80,,,,,,,,,,,,,,,,,,,,,,,,,,,,,,,,,,,,Smoke Status value is Smoker AND Site2 Hugo Symbol value is TACC3 AND Event Info value is FGFR3-TACC3 AND Site1 Hugo Symbol value is FGFR3 AND Diagnosis Age value is 71-80
,Smoker,TACC3,Non Small Cell Lung Cancer,FGFR3-TACC3,,,,,,,,,,,,,,,,,,,,,,,,,,,,,,,,,,,,,,,Smoke Status value is Smoker AND Site2 Hugo Symbol value is TACC3 AND Event Info value is FGFR3-TACC3
0.133333333,Nonsmoker,CTCF,Non Small Cell Lung Cancer,,,,,,,,,,,,,,,,,,,,,,,,,,,,,,,,,,,,,,,,TMB (nonsynonymous) value is 0.133333333 AND Smoke Status value is Nonsmoker AND Site2 Hugo Symbol value is CTCF
0.166666667,Smoker,,Non Small Cell Lung Cancer,TSC2-Intragenic,,,,,,,,,,,,,,,,,,,,,,,,,,,,,,,,,,,,,,,TMB (nonsynonymous) value is 0.166666667 AND Smoke Status value is Smoker AND Event Info value is TSC2-Intragenic
,Nonsmoker,,Non Small Cell Lung Cancer,MEN1-SBDS,,,61-70,,,,,,,,,,,,,,,,,,,,,,,,,,,,,,,,,,,,Smoke Status value is Nonsmoker AND Event Info value is MEN1-SBDS AND Diagnosis Age value is 61-70
,Smoker,LIN28A,Non Small Cell Lung Cancer,NOTCH2-LIN28A,NOTCH2,,,,,,,,,,,,,,,,,,,,,,,,,,,,,,,,,,,,,,Smoke Status value is Smoker AND Site2 Hugo Symbol value is LIN28A AND Event Info value is NOTCH2-LIN28A AND Site1 Hugo Symbol value is NOTCH2
0.2,Nonsmoker,PMS2,Non Small Cell Lung Cancer,,,,,,,,,,,,,,,,,,,,,,,,,,,,,,,,,,,,,,,,TMB (nonsynonymous) value is 0.2 AND Smoke Status value is Nonsmoker AND Site2 Hugo Symbol value is PMS2
0.833333333,Smoker,CREBBP,Non Small Cell Lung Cancer,ANKS3-CREBBP,ANKS3,,,,,,,,,,,,,,,,,,,,,,,,,,,,,,,,,,,,,,TMB (nonsynonymous) value is 0.833333333 AND Smoke Status value is Smoker AND Site2 Hugo Symbol value is CREBBP AND Event Info value is ANKS3-CREBBP AND Site1 Hugo Symbol value is ANKS3
,Smoker,POLE,Non Small Cell Lung Cancer,POLE-Intragenic,,,,,,,,,,,,,,,,,,,,,,,,,,,,,,,,,,,,,,,Smoke Status value is Smoker AND Site2 Hugo Symbol value is POLE AND Event Info value is POLE-Intragenic
0.2,Smoker,BRCA1,Non Small Cell Lung Cancer,,,,,,,,,,,,,,,,,,,,,,,,,,,,,,,,,,,,,,,,TMB (nonsynonymous) value is 0.2 AND Smoke Status value is Smoker AND Site2 Hugo Symbol value is BRCA1
0.133333333,,,Pancreatic Cancer,,,,,,,,,,12.0,,,,,,,,,,,,,,,,,,,,,,,,,,,25398284.0,,,TMB (nonsynonymous) value is 0.133333333 AND Protein position value is 12.0 AND End Position value is 25398284.0
,,TFE3,Soft Tissue Sarcoma,ASPSCR1-TFE3,ASPSCR1,,31-40,,,,,,,,,,,,,,,,,,,,,,,,,,,,,,,,,,,,Site2 Hugo Symbol value is TFE3 AND Event Info value is ASPSCR1-TFE3 AND Site1 Hugo Symbol value is ASPSCR1 AND Diagnosis Age value is 31-40
0.1,,SPEN,Soft Tissue Sarcoma,,,,11-20,,,,,,,,,,,,,,,,,,,,,,,,,,,,,,,,,,,,TMB (nonsynonymous) value is 0.1 AND Site2 Hugo Symbol value is SPEN AND Diagnosis Age value is 11-20
0.066666667,,DDIT3,Soft Tissue Sarcoma,FUS-DDIT3,FUS,,41-50,,,,,,,,,,,,,,,,,,,,,,,,,,,,,,,,,,,,TMB (nonsynonymous) value is 0.066666667 AND Site2 Hugo Symbol value is DDIT3 AND Event Info value is FUS-DDIT3 AND Site1 Hugo Symbol value is FUS AND Diagnosis Age value is 41-50
